id,score,at,content_raw,content_clean,manual_group,notes
rev_334f0e84-86b9-420e-93a3-76d392b4fc03,1,2026-02-16T11:13:17,"this app seems way too complicated and it's too hard to figure out how to get started. why do i need to choose between 6 instructors just to try the beginning meditation course, which itself is hard to find because its burried below 12 other courses on a separate tab? i uninstalled at this point. the app is asking me to make decisions that seem important when i have no information to base those decisions on. too stressful.",app way complic s hard figur start need choos instructor just tri begin medit cours hard burri cours separ tab uninstal point app ask make decis import inform base decis stress,,
rev_a401d35e-74f1-4f0c-a633-9ccafeb9978f,1,2026-01-26T10:41:34,Updated review 2026- App cannot play a meditation without losing internet connection. Definitely not my wifi or phone. I have realized I've fallen off my meditation practice because of this over the last couple of months. Sad but I'll cancel because I am no longer using daily meditations or using it to sleep. Original review in 2017- 5⭐ Really nothing to critique at all. Well paced and lots of options after the first 30 days. An exceptionally different sense of my day - it really works!,updat review thousand app play medit lose internet connect definit wifi phone realiz ve fallen medit practic coupl month sad ll cancel longer use daili medit use sleep origin review thousand seventeen realli critiqu pace lot option thirti day except differ sens day realli work,,
rev_91bae359-785b-43c5-80f0-f4c5e4045874,1,2025-10-21T16:33:47,"WARNING: Strict Annual Auto-Renewal Policy / No Refunds ​I was charged the full annual fee for this digital service which I had completely forgotten about and not used in months. I contacted Headspace support immediately after the charge, but they cited a strict, inflexible no-refund policy. They will not reimburse you for unused time, even for a digital product with zero activity. Set strong calendar reminders to cancel early—their renewal policy is aggressive.",warn strict annual auto renew polici refund charg annual fee digit servic complet forgotten use month contact headspac support immedi charg cite strict inflex refund polici reimburs unus time digit product zero activ set strong calendar remind cancel earli renew polici aggress,,
rev_053a01d4-0ad5-4570-95b7-bcaad3b68072,2,2026-01-07T02:32:19,"too much explaining, too little actual meditation. I can't believe they don't have box breathing! the interface is confusing and disorganized. I tried Calm and this doesn't even come close. Disappointed 😞",explain littl actual medit t believ don t box breath interfac confus disorgan tri calm doesn t come close disappoint,,
rev_7c61b7b8-c543-403b-96fd-95ae1a9f2d3a,5,2026-01-16T11:56:34,Love this App! It has helped me so much in such a short time. Totally worth the price. I am excited to watch it grow.,love app help short time total worth price excit watch grow,,
rev_71a06434-63c0-4947-a758-d699bdecdedd,3,2026-01-06T11:41:37,its rlly good but the problem is is that you need to pay for all the meditations but everyone is saying that it helped them alot but it doesn't have any free meditations so idk anymore,rlli good problem need pay medit say help alot doesn t free medit idk anymor,,
rev_85f4c52c-1682-4ee8-97d6-73c60820be1a,1,2025-10-14T10:31:07,"edit: fix for people struggling with no load issues... clear user data and cache, then delete and reinstall. I've used this to get to sleep for years. Lately it isn't functioning well at all. Takes multiple tries to get it working - starts loading, then stalls. Just uninstalled / reinstalled tonight and now it won't work at all. Not great given I pay a subscription for full access.",edit fix peopl struggl load issu clear user data cach delet reinstal ve use sleep year late isn t function take multipl tri work start load stall just uninstal reinstal tonight won t work great given pay subscript access,,
rev_72af2946-4615-4198-9d30-b93da8921639,1,2026-01-22T20:53:57,"it's soo slow, every page takes so long to load!!",s soo slow page take long load,,
rev_ed00d464-5687-484d-aa7d-ce06f3e49e1a,2,2025-10-12T22:47:02,"I would rate headspace as a five, but lately it won't open on my phone. I've been using it for 5 years, and now I can't get it to open.",rate headspac late won t open phone ve use year t open,,
rev_43d9ddb1-fcb7-4fa3-9ef1-2cae6b0d2094,2,2026-01-04T18:48:30,constantly crashing during sessions. i am moving onto using YouTube for mediation.,constantli crash session move use youtub mediat,,
rev_828bf172-79c0-469e-8172-7c1293fcd5ad,2,2026-01-22T21:30:55,"I used this app for quite awhile then took a break the last year and came back and it is now garbage. confusing to figure out what to do, have to click 6 times what used to be 2 clicks. headspace ruined their app.",use app quit awhil took break year came garbag confus figur click time use click headspac ruin app,,
rev_5ed540a5-042b-4734-9ff7-6988f95155ab,5,2025-11-20T12:06:04,"this update prevents me from closing the app with the Back Button, leaving me in a loop between Explore and Home",updat prevent close app button leav loop explor home,,
rev_32de7ecf-7dd2-4c4d-ae23-14e7f4d103f8,2,2025-11-19T03:01:12,I really liked the app but the last few months is bugging constantly. Some videos cannot start and if I miss one day I'm losing the videos of the day. The whole structure in the app changes. I have to reinstall the app to return everything to normal. Even clearing the caches did not help. This frustrated me so much so I decided to not pay for the next year. I'm so sad and disappointed. If this is not fix there is no point to continue paying no matter in the past was beneficial for me.,realli like app month bug constantli video start miss day m lose video day structur app chang reinstal app return normal clear cach did help frustrat decid pay year m sad disappoint fix point continu pay matter past benefici,,
rev_6e5707f6-7552-465c-9e15-d3862ca28af8,1,2025-10-14T00:58:11,"What is happening to Headspace?!! Could someone in charge please make a post or something that shows they are aware of the problems and actively trying to fix them... This app works well for what it's for, ""Too Well"" if this is the quality we have now. I know the app encourages learning to meditate rather then ""just"" follow a guide so I can be capable of doing it without the app, but on my really bad days, this is what I turn to. please fix the loading issues.",happen headspac charg make post show awar problem activ tri fix app work s qualiti know app encourag learn medit just follow guid capabl do app realli bad day turn fix load issu,,
rev_a3965f57-e87a-40fc-849e-fd369ae53549,1,2025-11-03T09:52:41,"I have been using this app for more than 2 years now. It helped me to recover from anxiety but all of a sudden, the app is crashing on my device. Now I can't play any audio and the home screen appears blank and grey. Please fix this",use app year help recov anxieti sudden app crash devic t play audio home screen appear blank grey fix,,
rev_c289b8cf-0c0e-4806-9ed8-68a5c0cf5448,2,2026-01-29T02:25:01,"I've been using this app for several years now and recently the loading time has increased significantly, maybe as a patience exercise but I just find my self leaving the app and doing meditation on my own, I would appreciate it if you could improve the loading time and decrease it, thanks for the years of good experience.",ve use app year recent load time increas significantli mayb patienc exercis just self leav app do medit appreci improv load time decreas thank year good experi,,
rev_2181f1b1-4f60-4fdd-b0bf-f13efd235d50,1,2026-03-28T09:29:50,"highly disappointed. I was recommended this app by a specialist, only to find that to access anything, I have to either pay a yearly subscription or monthly of $19.95. Once I discovered this, I uninstalled the app. No way can I afford another expense, especially when I downloaded the app to help me relax.",highli disappoint recommend app specialist access pay yearli subscript monthli nineteen nineti discov uninstal app way afford expens especi download app help relax,,
rev_68b38d0e-60c2-4730-96a1-08835397d364,2,2025-11-17T03:07:18,used to be helpful. now you can't do anything without a membership. loaded up the app and was so frustrated I couldnt find anything doable.,use help t membership load app frustrat doabl,,
rev_73496ae8-9050-4c58-b4de-8c6be4ffe6d3,2,2026-03-22T02:15:22,"Good app, but please please make a setting to turn off the haptic feedback when I press on buttons. I really don't like the sensation when I'm trying to relax.",good app make set turn haptic feedback press button realli don t like sensat m tri relax,,
rev_09515c7d-b979-4bd5-999a-68ef296a939c,1,2026-02-01T19:48:52,"Just adding my voice and frustration with the app suddenly stopping mid session. Ive uninstalled and reinstalled the app many times hoping it would correct the issue. I even tried to mess with the settings thinking it might be with my phone, but nothing Ive done has helped. I've depended on this app to help me fall asleep, but with these issues, getting decent sleep is getting more difficult.",just ad voic frustrat app suddenli stop mid session ive uninstal reinstal app time hope correct issu tri mess set think phone ive help ve depend app help fall asleep issu get decent sleep get difficult,,
rev_2a384b8d-9605-4e9e-8c99-6f465f7698cc,2,2026-01-22T18:42:29,"sleep stories keep crashing and going oh dear, somethings gone wrong! no option to report it just a button to go to the previous screen, it keeps happening. sort it out please",sleep stori crash go oh dear someth gone wrong option report just button previou screen keep happen sort,,
rev_2b146587-baff-48d0-9f6e-4a28b7d9b47a,4,2025-11-10T23:55:18,The new update isn't bad. Wish there were more sleepcasts put out though. It would also be cool to have a Dark mode option.,new updat isn t bad wish sleepcast cool dark mode option,,
rev_a975eeec-525b-4b3d-b0a7-7bfed71f137f,1,2026-02-02T15:23:56,the app crashes or freezes constantly. It's really hard to meditate when a paid app operates as poorly as this. This has been constantly happening over the past few months. I am going to have to search for an alternative because I can't have this keep happening.,app crash freez constantli s realli hard medit paid app oper poorli constantli happen past month go search altern t happen,,
rev_dac35143-5b31-439c-8c75-4a5d2b6cdee6,2,2025-11-02T17:37:22,"Very disappointed in this app. Scheduled my first coaching session. The app kept kicking me out of the session for no reason. Wouldn't let me send messages. The coach couldn't connect to the chat either, at times. Sleep stories sometimes just randomly pause. There are very long periods of silence in sleep stories, which makes no sense at all. App constantly freezes and crashes. It actually will create anxiety as opposed to relieve it when you use this app. Uninstalling.",disappoint app schedul coach session app kept kick session reason wouldn t let send messag coach couldn t connect chat time sleep stori just randomli paus long period silenc sleep stori make sens app constantli freez crash actual creat anxieti oppos reliev use app uninstal,,
rev_4a5023ae-99ec-4442-812a-557b0f9d6da2,1,2026-01-29T22:26:34,"This app used to be great prior to like 6 months ago. Now, it stops 1 min after starting a soundscape even when the app is set to allow background activity, SUPER SLOW to open and load anything, buffers constantly even with good internet connection, and will crash in the middle of trying to navigate the app. I've been a customer since 2019 and I'm actually thinking of canceling my subscription and moving to a different app because it irritating me so much.",app use great prior like month ago stop min start soundscap app set allow background activ super slow open load buffer constantli good internet connect crash middl tri navig app ve custom thousand nineteen m actual think cancel subscript move differ app irrit,,
rev_15f2c6c5-0c45-4b03-b21b-4e532ebab8d6,2,2026-01-17T05:26:47,"Too costly just for a meditation app - can't believe how a guy who use to be a monk really try to monetize the supposed to be free practice like meditation this badly, viewers should def switch to the Medito app instead.",costli just medit app t believ guy use monk realli tri monet suppos free practic like medit badli viewer def switch medito app instead,,
rev_03fdba61-3d47-494f-b801-efec20f22e39,1,2026-01-27T08:16:43,"doesn't work. full of bugs. you use the app for stress relief and then it doesn't work, it only makes you more stressed. unlucky they aren't even trying to solve anything",doesn t work bug use app stress relief doesn t work make stress unlucki aren t tri solv,,
rev_a60c457b-a794-4e57-bb37-bd4f37947e9a,2,2026-02-22T16:31:44,Where has the run streak gone? Just a silly greyed out bit of nonsense in its place. App now working again after a fortnight of ridiculous glitches. I had to allow it access to my first born to get it to quit stopping in the middle of sessions. Stupidly annoying and an afront to my battery life and privacy. Sort it out please developers!,run streak gone just silli grey bit nonsens place app work fortnight ridicul glitch allow access born quit stop middl session stupidli annoy afront batteri life privaci sort develop,,
rev_0357ac5b-2e92-4111-98cc-ab419c64369a,1,2025-10-23T02:19:18,pathetic service. i renewed my membership around 3 weeks ago yet it's not working and asks me to renew subscription. wrote to helpline several times but no response at all. I will not waste my time and money after this. better apps are available and I advise everyone to avoid this app,pathet servic renew membership week ago s work ask renew subscript wrote helplin time respons wast time money better app avail advis avoid app,,
rev_9306c6c5-cbfb-44db-880c-6caf1ea15cdd,1,2025-10-13T18:01:41,was great until last night when the app wouldn't load. please fix it. I have terminal brain cancer. Headspace helps calm me when I have a panic attack. FIX IT PLEASE,great night app wouldn t load fix termin brain cancer headspac help calm panic attack fix,,
rev_25910c51-8dec-4d36-b02f-001af57b82b1,3,2026-01-14T04:14:11,"While i'd love to give this app a higher rating, I think there is a fundamental issue in it not detecting internet when all other apps are detecting Internet and working well. I have no clue how their service is so poor but maybe it's their servers or the Bandwidth they have!",d love app higher rate think fundament issu detect internet app detect internet work clue servic poor mayb s server bandwidth,,
rev_bf7f3350-9f1f-45d8-ad56-3774ce48c445,1,2026-03-10T14:18:03,App crashing frequently. Please fix the issue as soon as possible. Thank you,app crash frequent fix issu soon possibl thank,,
rev_0d8b60b7-8a54-44fb-9224-d38b3a2def30,1,2026-01-12T04:29:49,"useless, have to pay to use anything. RONT DOWNLOAD",useless pay use ront download,,
rev_5cfe703c-461c-46c7-bfb8-0b02cc5f837d,4,2025-12-29T01:16:00,"Needs a watch app, say play the sleep music and things like that.",need watch app say play sleep music thing like,,
rev_eb5faaa3-06fa-45fa-87d6-e68135cabd0c,2,2025-12-29T22:19:36,facing connectivity issues in the app.,face connect issu app,,
rev_59d71666-b71f-4829-9979-f70cadd7a0b6,5,2025-12-11T05:17:23,"I usually love Headspace, but the latest update has absolutely broken the sleepcasts, which is infuriating for obvious reasons. Please fix!!",usual love headspac latest updat absolut broken sleepcast infuri obviou reason fix,,
rev_d4587f81-7db6-468b-8008-ecc0f3d9429b,1,2026-01-23T20:43:31,"Latest version is very glitchy- meditations stop playing, even when downloaded. I have to keep reinstalling, and I've a paid subscription.",latest version glitchi medit stop play download reinstal ve paid subscript,,
rev_393a5219-f071-43c2-85c5-26e60c20f9ee,1,2025-12-22T00:31:31,"Not worth it. The entire app is now a pay to play. You cannot listen along without paying for any videos. I used to use this app singularly for the Ebb reflection feature, but they have since gotten rid of it.",worth entir app pay play listen pay video use use app singularli ebb reflect featur gotten rid,,
rev_e9965bf8-8091-4a29-bdfa-0caf1903d2e3,1,2025-10-29T17:19:59,"Meditation classes are great, but the app is full of bugs after the last update, so annoying",medit class great app bug updat annoy,,
rev_2ed19000-ce18-46b7-ba3e-60195c8eecb0,5,2026-01-04T09:57:41,"Very good app, really helpful, as good as Calm, if not better. Less buggy than Calm too. Helps me meditate and calm my anxiety :)",good app realli help good calm better buggi calm help medit calm anxieti,,
rev_0856334b-658f-4ec3-866c-fc7f683ba3fd,2,2025-10-21T22:44:25,The recent updates are causing the app to take forever to load. The user experience has become awful.,recent updat caus app forev load user experi aw,,
rev_5b05d887-0411-44dd-9a55-18e7aab9fad0,1,2026-03-26T17:23:08,"This app is not easy to navigate. If you want to try the free app, it forces you to click free at the same time as subscribe. The 2 are not separate. Then you cancel anytime, another hassle. Try for free is not the way it sounds. Horrible horrible experience.",app easi navig want tri free app forc click free time subscrib separ cancel anytim hassl tri free way sound horribl horribl experi,,
rev_f7d8bb4b-3640-4d8c-a5de-f8d79caa4680,4,2026-02-13T11:18:23,"This app is great for the meditation guidance. I like that you can choose your teacher, and how long or short your practice will be. But, the push to try therapy through Headspace gets annoying, especially when you already HAVE a therapist (not to mention that therapists who contract with apps are very often underpaid). I'd love a way to disable those features.",app great medit guidanc like choos teacher long short practic push tri therapi headspac get annoy especi therapist mention therapist contract app underpaid d love way disabl featur,,
rev_2de226bd-76f0-4b5d-b16d-23dc01e7b566,2,2026-02-24T09:41:26,"Constantly crashing and freezing, despite restarts, reinstalls, and changing settings. Incredibly frustrating to use what used to be a great app. The interface is now very cluttered, and it's harder than ever to find what you're looking for. I'm giving in and switching to an alternative.",constantli crash freez despit restart reinstal chang set incred frustrat use use great app interfac clutter s harder look m give switch altern,,
rev_13056ae5-8673-4519-ae44-cf6f72214223,1,2026-02-05T16:10:24,"EDIT: I used to love this app, see my original review below. But now all the content is paid content. Before the basics were free. Good mental health should be accessible to everyone. Old review: Normally I think meditation is pretty stupid, that on top of the highest mountain rubbish. But I really like this app, helps me sleep at night. Nice to find a down to earth guided meditation",edit use love app origin review content paid content basic free good mental health access old review normal think medit pretti stupid highest mountain rubbish realli like app help sleep night nice earth guid medit,,
rev_024e0f53-5a98-4f5f-b0a1-baff710a886e,1,2026-04-06T12:51:14,"activity history just straight up doesn't work, probably better it does sessions just not logged at all. makes it hard to stay on course and keep track of the correct lesson to do next",activ histori just straight doesn t work probabl better doe session just log make hard stay cours track correct lesson,,
rev_adcd222f-56f2-4409-b775-b2f8950f9376,1,2025-12-10T09:20:33,"Headspace starts well — beginner meditations are simple, clean, and actually teach you breathing and focus. But after that, it’s a paywall hell. Everything worthwhile is locked, making it a glorified wallet vacuum selling “peace of mind” like NFTs. The free part? A sad demo that wouldn’t calm a goldfish. If you don’t fix this, you’ll lose every beginner, and your app will be remembered as the joke that sold Zen like a scammy candy bar. 🔥😡💀, if you removed paywall, just reply to this.",headspac start beginn medit simpl clean actual teach breath focu s paywal hell worthwhil lock make glorifi wallet vacuum sell peac mind like nft free sad demo wouldn t calm goldfish don t fix ll lose beginn app rememb joke sold zen like scammi candi bar remov paywal just repli,,
rev_8383aab7-e70a-47fc-ab86-61de88abd487,2,2026-01-12T00:20:13,"I've been using this app for years and it's been great, but the last few months I haven't been able to get any of my meditations to play longer than a few minutes. Definitely frustrating",ve use app year s great month haven t abl medit play longer minut definit frustrat,,
rev_d75f193f-2aef-411a-8637-f843a2b44c62,1,2026-01-06T10:52:11,"I had loved this app for a while, but about four months ago I stopped my subscription because I was pushed to use Ebb, their AI, so much. At first I had used it, but once I became more educated I felt that the ethics of AI don't align with my meditation goals so I uninstalled. Also, at the time of quitting the app, the glitching menus and inaccurate timing on refreshing my content began to be annoying since it would refresh at night instead of in the morning.",love app month ago stop subscript push use ebb ai use educ felt ethic ai don t align medit goal uninstal time quit app glitch menu inaccur time refresh content began annoy refresh night instead morn,,
rev_3132829e-ba75-48af-9b90-c0d523d3ab76,3,2026-01-26T05:27:51,"the app was great. with the new update meditations, esp. the sleep cast ones are shutting down midway on their own. extremely annoying",app great new updat medit esp sleep cast one shut midway extrem annoy,,
rev_c38ee670-48ec-4708-b1eb-5f66e07017cc,1,2025-12-29T15:09:43,"Just got an email thanking me for my payment. I cancelled the subscription midyear, but somehow I'm still being charged?? Not very relaxing losing money to app I don't use or want.",just got email thank payment cancel subscript midyear m charg relax lose money app don t use want,,
rev_f6d656f7-e68a-4218-9e7d-e8d28dcb850a,4,2025-11-08T00:37:20,"I spend 95% of my time on this app using the sleepscapes, and don't get me wrong, I LOVE them. But after some recent updates, the app has been MUCH slower to load and freezes/fails to load far more often than it did. 5 stars if this could please be fixed :]",spend nineti time app use sleepscap don t wrong love recent updat app slower load freez fail load far did star fix,,
rev_2daac6e8-d54f-444c-9fa3-bc876df3bc0d,2,2026-01-17T13:34:08,"It used to be 5 stars but now it's a 2. Content is still good but the UI change late last year is pretty poor. Normally I don't mind app redesigns. They usually get small improvements and I adjust to the new layout. But the new UI continues to be slow to load. Not just initially but for most pages. Sometimes playback is affected, which is the last thing you want in the middle of a meditation.",use star s content good ui chang late year pretti poor normal don t mind app redesign usual small improv adjust new layout new ui continu slow load just initi page playback affect thing want middl medit,,
rev_4e6f7df7-672d-4de8-a858-6669c24943d3,1,2026-02-08T02:47:22,removed free version completely.,remov free version complet,,
rev_bc45f5d6-ff1f-4c25-8602-c9ee86737aad,2,2026-03-14T08:53:15,love the features. hate that it constantly freezes and crashes,love featur hate constantli freez crash,,
rev_5803dea5-cd98-4463-bc6d-25b30843659a,1,2026-01-21T14:30:56,"works great until it keeps freezing for hours on end, takes minutes to load options, or just blacks out. reached out to support and instead of helping me they offered a refund - very disappointing",work great keep freez hour end take minut load option just black reach support instead help offer refund disappoint,,
rev_31e7f6f4-5e70-4abd-8467-c5788d8f7c3e,1,2025-11-25T19:44:46,"cancelled my subscription 4 months ago, charged me regardless for another year. they wouldn't issue a refund even though I've notified them of the issue within 24h a shame for an app about wellbeing",cancel subscript month ago charg regardless year wouldn t issu refund ve notifi issu fourh shame app wellb,,
rev_e3e22376-104b-447e-9a9f-41e53443c1e8,1,2025-10-26T13:02:09,"App is completely unusable. Whatever I do, it freezes after 10-20 seconds.",app complet unus freez second,,
rev_0cb419c5-25c5-4e6f-9a55-af07750d5526,3,2026-02-11T22:13:22,It's has become extremely slow and clunky. The content is great as always but it's virtually impossible to get to with the sluggish UI that takes forever to render.,s extrem slow clunki content great s virtual imposs sluggish ui take forev render,,
rev_31543988-ed62-402f-beb9-0530c1373247,1,2025-12-16T23:32:48,"Constantly crashes. I use the soundscapes every night for sleep, but now it crashes after a minute or less. It is also slow to load. It's a shame because I really enjoy using it but, currently, it is unusable.",constantli crash use soundscap night sleep crash minut slow load s shame realli enjoy use current unus,,
rev_e0a15d5c-4dd6-4014-94ea-4f28a4d2e299,1,2026-01-19T01:06:01,"app stops working - will play something for about 2 minutes and then just stops. gives me an error message that I went ""offline"" didnt go offline.",app stop work play minut just stop give error messag went offlin didnt offlin,,
rev_48d09379-ee23-4428-a349-982dc2e1e22a,1,2026-03-17T04:28:28,"used to be gold, now bought by Blackstone. bloated, buggy as hell, waste of money. another victim of rampant capitalism...",use gold bought blackston bloat buggi hell wast money victim rampant capit,,
rev_20a1f133-fc7e-44fd-9f16-64cae08f3620,4,2025-11-16T22:01:09,"Active subscription. Home screen stays blank grey. Also, unable to play any of the meditation & other courses. The app has become very buggy. Very disappointing. EDIT : These bugs are removed in the version 4.281.5 & now the app's working fine",activ subscript home screen stay blank grey unabl play medit cours app buggi disappoint edit bug remov version eighti app s work fine,,
rev_225bb1b3-7468-42b6-89e7-f9b5590b2786,1,2025-10-31T02:20:33,"App used to be amazing, but its terrible lately. I have a premium account, which isn't cheap, but I've had it for several years now. I use the Sleepscapes for going to sleep at night, which was the only thing that saved me after insomnia. But recent months, the app has been going downhill. Recents don't update. The heart for favourites are gone. And now for the last week the app won't even load so I can't access anything, not even my account to cancel my recurring payment.",app use amaz terribl late premium account isn t cheap ve year use sleepscap go sleep night thing save insomnia recent month app go downhil recent don t updat heart favourit gone week app won t load t access account cancel recur payment,,
rev_2b709824-255c-4c42-8f6f-45e014259bc6,2,2025-11-14T01:26:42,"2025:a new version of the app and it again feels like unfinished beta. lot of new content, but everything feels unpolished :( 20s freeze on app start like if it was 2008. crashes during meditation. no way to restart a meditation pack from the middle. super long loading times with no network activity. there's a lot of potential here, but maybe some funds should go to Android devs and testing. USA is not the whole world, a lot of ppl out there using Android, even if you are all sitting on iPhones.",thousand new version app feel like unfinish beta lot new content feel unpolish twenti freez app start like thousand crash medit way restart medit pack middl super long load time network activ s lot potenti mayb fund android dev test usa world lot ppl use android sit iphon,,
rev_24138823-e4ce-4fa4-bbb2-cc08bf2354eb,3,2026-03-06T07:49:51,"I've been using the app for years and it has been a great companion to help me focus and ground my mind. Andy has undergone some serious training and is more than qualified to be teaching about meditation and presence and his voice is very soothing which helps a lot. However, for the past months or so, the app stops mid meditation saying there was a problem. My sessions are cut short on an unpredictable basis which basically ruins the experience. I would kindly ask the developers to fix this...",ve use app year great companion help focu ground mind andi undergon train qualifi teach medit presenc voic sooth help lot past month app stop mid medit say problem session cut short unpredict basi basic ruin experi kindli ask develop fix,,
rev_fc9dab6c-9b90-4b28-ba2a-cf55f8882a0b,1,2025-12-14T23:09:17,"loads extremely slowly now, and I don't want Ebb! sitting here waiting over a minute just to tap the next menu in the three I need to open a sleep cast. Meanwhile Ebb has a dedicated button and loads lightning fast, and I'll never use it!!!",load extrem slowli don t want ebb sit wait minut just tap menu need open sleep cast ebb dedic button load lightn fast ll use,,
rev_62170b46-68ef-4685-8d56-e5e59c184eff,1,2025-12-11T21:59:23,"I would have given it 5 stars before it was paywalled but unfortunately, nothing is free except the trial.",given star paywal unfortun free trial,,
rev_b35ce92f-363b-43df-a492-1376daa4481c,1,2025-12-15T14:58:17,can't log in. keeps telling me I already have an account and to log in . which I proceed to do and it repeats itself. I'm locked out in a loop it feels like .,t log keep tell account log proceed repeat m lock loop feel like,,
rev_22a38dc7-b99f-4ace-84bb-3e9cfa48497e,5,2025-10-12T05:22:30,Amazing app. Helps you with keeping up with the practice and giving you the tools you need. Wish I have found it sooner ♡,amaz app help keep practic give tool need wish sooner,,
rev_fda43b1f-de49-4434-a898-2a87245eab37,2,2025-11-12T10:06:56,"this is frustrating, I received an offer for 50% off for the year, I downloaded app and it's requested the full amount. I've sat for ages on chatbot as can't find an email address, as stress and anxiety go, you've added to mine",frustrat receiv offer year download app s request ve sat age chatbot t email address stress anxieti ve ad,,
rev_0aca4c0a-6bf5-4415-9b9f-939607f0e8a7,1,2026-03-10T23:07:44,"I've loved this app for years but unfortunately the sleepcasts have started crashing a few minutes in for the past few months. I've updated the app, made sure to have wifi on, I even bought a new phone thinking it was me but it still happens. Sadly if this doesnt get fixed soon ill have to cancel my subscription and delete the app which I REALLY don't want to do. Please fix this app!",ve love app year unfortun sleepcast start crash minut past month ve updat app sure wifi bought new phone think happen sadli doesnt fix soon ill cancel subscript delet app realli don t want fix app,,
rev_787c6cce-c19a-471f-93ba-efb56582f793,1,2025-11-20T17:42:24,"Used to be great, since the September 2025 update it has become unusable. Google Fit integration no longer works, so useless if using in conjunction with Vitality.",use great septemb thousand updat unus googl fit integr longer work useless use conjunct vital,,
rev_d1230cf5-a3cd-4d59-a338-a0a631c5d49b,1,2026-01-26T20:25:54,"I have had a paid subscription to Headspace for years & it used to be great - but now, like SO many others have reported, the past couple of months the app is horribly glitchy - loads slow, randomly stops during sleep stories and meditations with a message that simply says oh no, something went wrong, or looks like you're offline. This the ONLY app that I'm having any issues with. Customer service is not helpful. Headspace needs to admit there's an issue and step up to fix it.",paid subscript headspac year use great like report past coupl month app horribl glitchi load slow randomli stop sleep stori medit messag simpli say oh went wrong look like offlin app m have issu custom servic help headspac need admit s issu step fix,,
rev_0c555bff-7f21-481b-a43f-c6fd28ce8057,2,2025-10-13T04:47:52,"What did you people do to this app? I've used headspace for years without a problem. After recent UI changes the app is terribly slow, when it opens. It seems like the UI is also dynamic in that depending on what day it is or time of day, the screens you consistently go to have different looks and things are suddenly out of place, making it confusing to use. The app crashes and fails to open all the time. This is just bad work after major updates and it's disappointing.",did peopl app ve use headspac year problem recent ui chang app terribl slow open like ui dynam depend day time day screen consist differ look thing suddenli place make confus use app crash fail open time just bad work major updat s disappoint,,
rev_ef3735a9-1d6b-468e-b95d-355312c9bc91,2,2025-12-24T19:26:59,"usedto be a really good app, now buggy, slow, and crashes continously, use it for the sleep casts, takes forever to load and now fail within minutes telling me i am off line. considering cancelling subscription as the app has become useless",usedto realli good app buggi slow crash contin use sleep cast take forev load fail minut tell line consid cancel subscript app useless,,
rev_d3f397ce-b407-478e-8493-1ce2ef0780b5,2,2025-11-21T14:55:45,"New update has significantly degraded the usability of the app. The Today tab is way too cluttered and needs to be streamlined, load times for meditations are way longer and has frequently required restarting the app due to the app crashing or endless buffering, and the activity history is not saving to my profile. I am missing half of the meditations in my activity I've done over the past month. Significant downgrade in quality overall.",new updat significantli degrad usabl app today tab way clutter need streamlin load time medit way longer frequent requir restart app app crash endless buffer activ histori save profil miss half medit activ ve past month signific downgrad qualiti overal,,
rev_52f7ef78-583d-4964-a6a3-782b3744d9d3,2,2025-12-02T04:48:43,"Very chaotic design. Very difficult to navigate what the app offers, very difficult to find and continue the programs you started. That's everything a meditation app should not be.",chaotic design difficult navig app offer difficult continu program start s medit app,,
rev_2d4cf215-9235-488b-939f-26877adad725,1,2025-12-18T13:12:40,"No longer usable. I used to use the app several times a week, but recently there are so many bugs that it is impossible to use. App loads slowly, pages are not possible to navigate between (tap on another page and the same page just reloads), and when you finally get into a meditation it will stop after a couple of minutes with an error message.",longer usabl use use app time week recent bug imposs use app load slowli page possibl navig tap page page just reload final medit stop coupl minut error messag,,
rev_ef8dc5c0-265f-4722-876c-8c2b8d35dbea,3,2026-03-03T08:47:53,"I enjoy the meditations and exercises, but the app seems to have a hard time consistently loading. I've had to restart my phone three or four times so far in order to get the app to load properly. not the most calming experience.",enjoy medit exercis app hard time consist load ve restart phone time far order app load properli calm experi,,
rev_33aea602-d421-4eb9-b272-82b3254c4cf5,2,2025-11-07T00:32:35,"Really slow to load, pretty unimpressed how the quality of the user interface has gone down over the last year or so. No longer worth the subscription in my opinion.",realli slow load pretti unimpress qualiti user interfac gone year longer worth subscript opinion,,
rev_afece2e2-a151-47d1-aecc-de0e9a4cb487,1,2025-11-06T12:18:16,I'm on my phone if thats not enough verification i choose not to do this. I do not need to go get another device to meditate. thanks anyway,m phone that verif choos need devic medit thank,,
rev_3c40da7f-c550-498a-a385-4b03018d2583,2,2026-01-13T18:02:21,Last 3 months app been glitching very badly and saying that I am not online when I am. I have forced stop and cleared cache and still the app won't play. I've paid for a 2nd year to have full access. I am not impressed and hope that this can be resolved ASAP!,month app glitch badli say onlin forc stop clear cach app won t play ve paid twond year access impress hope resolv asap,,
rev_1412f0f3-3637-4e4a-b587-d746c30537df,2,2026-01-02T19:58:56,"good content, but my experience of the app itself is poor. I recently uninstalled it and restarted my phone (as recommended in the faq), but despite this, the app is extremely laggy, and needs to be force closed a couple of times per night (I mainly use it for sleepcasts). It also just randomly stops the sleepcasts from playing, giving a connection error, despite having very good wifi in my bedroom. its becoming unusable unfortunately.",good content experi app poor recent uninstal restart phone recommend faq despit app extrem laggi need forc close coupl time night mainli use sleepcast just randomli stop sleepcast play give connect error despit have good wifi bedroom unus unfortun,,
rev_82f630f4-552b-44bf-86d8-4b2825ea0cca,1,2026-04-01T15:08:21,"already subs but unable to access any session. its been a week. ive been a loyal user since 2023 but this is the first time I have this problem with no change, even after I uninstall and redownload it few times",sub unabl access session week ive loyal user thousand time problem chang uninstal redownload time,,
rev_25ae1137-dca9-49cd-ad2b-ac39a32c3786,2,2025-11-11T19:01:30,Some app tabs are not working/won't load,app tab work won t load,,
rev_d33f0401-9437-4a8b-aec1-b98cac9093a2,1,2026-01-14T07:13:34,"unfortunately, the app has become unusable. i cant meditate nor do the yogas i used to love. it disconnects the moment my phone blocks,including during yoga when the screen blocks enev though it shouldnt. when is this bug getting fixed? i do not wish to migrate to another app but i might beed to, given the app has become unusable.",unfortun app unus medit yoga use love disconnect moment phone block includ yoga screen block enev shouldnt bug get fix wish migrat app beed given app unus,,
rev_04cf02f9-a5bf-4059-bde1-4bc9dcd57288,1,2026-02-09T16:44:31,"Good when it works, but it keeps crashing 2 minutes into a soothe body and mind meditation. Using a Samsung s10+ phone.",good work keep crash minut sooth bodi mind medit use samsung sten phone,,
rev_29fa96d9-6c09-48f4-bd34-ebf5b8ee8af9,1,2025-12-29T01:30:58,keeps telling me I have connection errors. unusable.,keep tell connect error unus,,
rev_3f2ccc68-453d-4e32-a416-238b20b30d6c,1,2025-10-12T18:00:41,"app doesn't load, stuck on the circle then crashes. tried rebooting phone, reinstalling app, tried another phone, all the same.",app doesn t load stuck circl crash tri reboot phone reinstal app tri phone,,
rev_8fd3df4e-d078-4ea3-82c9-bf66d6fdc05c,2,2026-01-20T10:54:17,Same as others have said. Used to be great but it's so glitchy and slow now it gets me more stressed trying to use it! The layout is messy and cluttered and difficult to find what you want. No one is asking for AI in a headspace app. Please give us one safespace away from it! Considering switching to another app on renewal as it's been functioning poorly for ages with no fix update.,said use great s glitchi slow get stress tri use layout messi clutter difficult want ask ai headspac app safespac away consid switch app renew s function poorli age fix updat,,
rev_248efbef-d097-418d-9a82-949dedc2d8fa,2,2026-03-14T09:12:45,"March 2026-app crashes constantly Many years ago I had a subscription to headspace and I found the app at that time really intuitive: easy to find courses and follow a pathway. Now, I feel like this app is packed with so much stuff (great!) but the stuff is everywhere, not organized in an intuitive way like before. I find it hard to find where I left off with a pathway, the app is always recommending content, but not where I left off with something. IMHO content=great. Interface=not great",march thousand app crash constantli year ago subscript headspac app time realli intuit easi cours follow pathway feel like app pack stuff great stuff organ intuit way like hard left pathway app recommend content left imho content great interfac great,,
rev_2b4b4a0b-cf95-4e69-8b34-d16008398225,1,2025-11-20T21:05:43,"good thing I got this app for free as part of a promotion. Been on it 4 days. Started a course and it limits how much you can do each day, ok no issues. thing is you come back the next day and CAN'T FIND where you left off. so annoying! did none of you try to use this app? and to think it's supposed to relax you! 2months on: I'm getting notifications daily when I click on them for meditation it puts me on the home screen of the app not what the notification pointed at. what a mess this app is!",good thing got app free promot day start cours limit day ok issu thing come day t left annoy did tri use app think s suppos relax twomonth m get notif daili click medit put home screen app notif point mess app,,
rev_bf615bf0-f521-4754-a224-b86a61d08666,1,2026-01-17T20:52:12,"this app is ok when it's working but it's so incredibly slow and buggy that it has the opposite effect of what it's whole purpose is. an app to reduce stress that actually increases it! I'm on a free membership thankfully because I would not be at all happy if I was paying for this. hasn't synced with Google fit for months despite trying various fixes, meaning I'm losing out on vitality reward points.",app ok s work s incred slow buggi opposit effect s purpos app reduc stress actual increas m free membership thank happi pay hasn t sync googl fit month despit tri variou fix mean m lose vital reward point,,
rev_cffc72f9-1615-4f26-a076-1a8e0bf34072,2,2026-01-03T18:10:05,"This is the only app that enrages me! Constantly crashing, takes ages to load, says I'm offline and stops playing, even when my connection is fine. I have used the Headspace app since the start and they have ruined it by making it so cluttered. No room for ""headspace"" when there's pop ups, freezes, recommendations that I'm not interested in. Some of the voices of the Sleepcasts are horrible and are really grating too. Such a shame.",app enrag constantli crash take age load say m offlin stop play connect fine use headspac app start ruin make clutter room headspac s pop up freez recommend m interest voic sleepcast horribl realli grate shame,,
rev_88198824-4862-4c76-81c1-438dac9b5263,1,2026-01-28T20:26:08,1/28/26: still happening 1/2/26: the app keeps closing and giving me an error. I tried emailing support about it but it didn't work. it's really frustrating because i use this app to fall asleep and it keeps turning off within 5-8 minutes of starting.,happen app keep close give error tri email support didn t work s realli frustrat use app fall asleep keep turn minut start,,
rev_25c5f717-338e-4e43-916e-db9063978230,1,2026-03-28T17:26:13,"Downloaded the app and I can get past the introductory screen and 3 breath exercise, tried multiple times to restart the app but it didn't work.",download app past introductori screen breath exercis tri multipl time restart app didn t work,,
rev_2ce5ef21-ae79-4e26-9c56-56c83c592059,1,2025-11-30T22:39:30,Start your free trial. You're no eligible for the trial.,start free trial elig trial,,
rev_6826a781-b8e2-4db6-bdb9-e0831ed57684,2,2025-12-14T17:58:27,"Too buggy now. I get ""oops"" pop ups from Headspace multiple times a day. Been a daily user since 2020 and this is a new issue.",buggi oop pop up headspac multipl time day daili user thousand new issu,,
rev_bd3cbd20-a989-4c1f-9aa3-d99f9f693d11,1,2026-01-17T09:15:29,"Mein Account ist offenbar defekt. Egal was man versucht, es erscheint ständig nur die Meldung „Ups, da ist etwas schiefgelaufen“. Keine konkrete Fehlerbeschreibung, keine Lösung. Ein echter Support ist nicht erreichbar. Stattdessen wird man in einer Endlosschleife von einem virtuellen Assistenten festgehalten, der immer wieder dieselben Fragen stellt und nichts löst. Für einen App die so viel Geld kostet geht das gar nicht.",mein account ist offenbar defekt egal man versucht es erscheint st ndig nur die meldung up da ist etwa schiefgelaufen kein konkret fehlerbeschreibung kein l sung ein echter support ist nicht erreichbar stattdessen wird man einer endlosschleif von einem virtuellen assistenten festgehalten der immer wieder dieselben fragen stellt und nicht l st f r einen app die viel geld kostet geht da gar nicht,,
rev_000d4c5f-a587-48b9-8e56-d8930289ef1e,1,2025-11-03T18:21:51,"it could be this latest app version or compatibility with my moto g86 but the app keeps crashing mid way through a meditation. I have cleared cache, reinstalled and still experiencing issues. I have ended up using the website to keep my meditation streak. very frustrating.",latest app version compat moto geighti app keep crash mid way medit clear cach reinstal experienc issu end use websit medit streak frustrat,,
rev_9cfd6f61-13cb-44a7-a9ec-319f4f64d0e5,1,2026-01-10T19:03:13,stops working a few moments into every single sleepcast/ sleep music. which makes it unusable and the absolute opposite of calming and helping you drift to sleep...,stop work moment singl sleepcast sleep music make unus absolut opposit calm help drift sleep,,
rev_7382ca3a-494f-4853-8adc-196ff92f0710,1,2025-10-24T18:32:33,"it's good to do buisness and earn money and profit, but honestly, if we could pay for basic,i repeat, BASIC therapy sesh then maybe we would've actually hired an professional expert therapist for our sesh and not download an app. i wonder if any of you guys in the dev team or the actual owner of the app woke up one day and thought, let's start a business of therapy that already exists IRL. Though I hope it was made for the betterment of the people who are actually suffering, idk why we hv to pay",s good buis earn money profit honestli pay basic repeat basic therapi sesh mayb ve actual hire profession expert therapist sesh download app wonder guy dev team actual owner app woke day thought let s start busi therapi exist irl hope better peopl actual suffer idk hv pay,,
rev_a94060ad-875a-4f4b-a24f-8dd344dc813d,2,2025-11-29T09:54:13,"Unfortunately, this app just gets worse. Besides the unnecessary amount of features and videos that are hyper stimulating and distracting from the meditation, it's now full of bugs. The audios from some sessions suddenly stop working or don't even start at all. I wish there was an option to hide anything but the meditation assets, I used to love this app when this was its main focus.",unfortun app just get wors unnecessari featur video hyper stimul distract medit s bug audio session suddenli stop work don t start wish option hide medit asset use love app main focu,,
rev_03211855-1b1b-422e-a64e-1b21be53e0d3,1,2025-10-11T19:49:20,"App absolutely will not open. I've uninstalled it and reinstalled. I've used the brown noise to sleep for almost 3 years now, and meditated on and off. I'd really like to get this resolved. the constant ad that I have to close to navigate away from the sponsored therapists is aggravating as well.",app absolut open ve uninstal reinstal ve use brown nois sleep year medit d realli like resolv constant ad close navig away sponsor therapist aggrav,,
rev_0118ff10-6eae-49be-b183-91c1c467fcc6,1,2026-03-25T11:16:11,"this app used to be great. the last year it's gone downhill. customer service isn't great anymore either. I had 3 issues, one was addressed, 2 weren't despite me following up. one was that i was advised of a renewal premium and then was charged a higher premium. so disappointing now from what it used to be",app use great year s gone downhil custom servic isn t great anymor issu address weren t despit follow advis renew premium charg higher premium disappoint use,,
rev_63e34f14-c1b5-4ca8-a87d-b2515ebe1b62,1,2025-12-15T21:30:59,"I only use Headspace for sleepcasts, as it's helped get me to sleep with having tinnitus for years. However, the app is so unreliable and I've not been able to use it for a week due to a bug that they are aware of. Sleepcasts aren't available on the website, which is really frustrating, because I'm paying for an app that I can't use.",use headspac sleepcast s help sleep have tinnitu year app unreli ve abl use week bug awar sleepcast aren t avail websit realli frustrat m pay app t use,,
rev_dd48cb94-c7e0-4d00-972d-e1e0ea122a27,3,2026-01-08T21:59:42,"Expensive nearly one hundred dollars per year? $20 per month, at this rate my power bill is a relief. Worldwide Web should NOT be so GREEDY ppl Are suffering with no relief they can afford in this WEB system full of spiders ready to pounce on us. Instead give freely as Jesus did and see what happens when God approves❣️🙏🙌❤️",expens nearli dollar year month rate power relief worldwid web greedi ppl suffer relief afford web spider readi pounc instead freeli jesu did happen god approv,,
rev_eefafa32-370f-48da-90ec-9bc13e11b690,1,2025-10-28T22:34:57,"I read the privacy policy that they report your information, name, and usage dates to your employer. I will be uninstalling this app",read privaci polici report inform usag date employ uninstal app,,
rev_c3a0ab1b-0f49-4118-a93a-2b60af6490de,4,2025-10-23T02:43:32,"love the app. everything that it offers in regards of sleeping, emotional management, and stress management as well. only downside is sometimes it malfunctions and it gets in the way of the practice",love app offer regard sleep emot manag stress manag downsid malfunct get way practic,,
rev_7dfc3626-8a47-4d6e-84ad-6a0d9dad117c,2,2026-01-23T17:13:41,"loved for a long time, now my NHS account has stopped it just keep buffering and closing down, really poor performance.",love long time nh account stop just buffer close realli poor perform,,
rev_b95ee8b7-8ba4-43f5-a707-db4f0d46f6bb,4,2025-10-24T01:42:36,"This app takes a positive self-soothing attitude towards meditation. It's visually pretty and simple in a childlike way. Had to scroll thru each time to find the same thing/couldn't find a way to bookmark. Did Not Enjoy the verbal content, found the motivational meditations unappealing. Did Enjoy the non-verbal or minimalist meditations- little animations for breathing exercises etc, but not worth it to my wallet to pay for just using animated tones & an alarm",app take posit self sooth attitud medit s visual pretti simpl childlik way scroll time thing couldn t way bookmark did enjoy verbal content motiv medit unapp did enjoy non verbal minimalist medit littl anim breath exercis worth wallet pay just use anim tone alarm,,
rev_c60d6360-67fb-4417-8b28-94db7a9020fa,1,2025-11-09T02:33:51,says its free but then immediatly asks you to pay for a subscription. shame on you for cashing in on peoples mental health,say free immediatli ask pay subscript shame cash peopl mental health,,
rev_99c244a4-7dcb-40c3-826a-3d96134b6947,1,2026-01-14T10:05:35,Crashes and losses connectivity constantly,crash loss connect constantli,,
rev_543b4b76-5a2f-420f-8c34-fa51fe791c27,2,2025-10-12T04:32:03,"The app is great when it works, but it keeps crashing, and I can't even get in half the time anymore.",app great work keep crash t half time anymor,,
rev_50279f2a-fa3a-4864-8d7e-e56f03d39085,4,2026-01-26T03:13:06,Content of app is good but the app can be incredibly slow to open and lags alot. Not really acceptable for an app in this day and age - especially one you are paying for.,content app good app incred slow open lag alot realli accept app day age especi pay,,
rev_51eacc49-f1f3-4fe2-8d19-78abe59ff2cc,1,2025-11-20T10:22:58,everything is pay locked. the only thing you get is a notification to breath everyday.,pay lock thing notif breath everyday,,
rev_feec418d-068e-43bc-9e8b-28964ab0ce79,3,2026-03-29T19:04:11,"Sometimes, when I was using the app during a meditation, it just stopped.",use app medit just stop,,
rev_a2ffb9d3-eb78-4dc3-b385-2c116958676b,2,2025-12-14T03:01:54,"I've been a subscriber for 5+ years & for most of those years, the app was great. With the introduction of therapy & AI add-ons, the app gets incrementally worse. Now, the sessions just stop after a few mins with a connection error (which I know isn't on my end). I've been enduring the changes, hoping that each blip will be corrected for a better product in the long-term. It seems, however, it may be time to cancel my sub & seek a better service. It appears from other reviews, I'm not alone...",ve subscrib year year app great introduct therapi ai add on app get increment wors session just stop min connect error know isn t end ve endur chang hope blip correct better product long term time cancel sub seek better servic appear review m,,
rev_5912a04a-4954-46d3-bd88-f688557631b0,3,2025-10-27T18:24:08,Good app when it works. Tends to be quite glitchy. Fails after a few minutes frequently.,good app work tend quit glitchi fail minut frequent,,
rev_101f7012-1bf4-49cd-b5ea-45cce254fdf9,2,2025-11-19T05:15:01,"Update: Going from a 5 to a 2. I used this for years and loved it. Recently got it again and I'm so disappointed. The app is awful now. It's unbelievably slow (like literally having to wait for tabs to load every time I open) and the UI isn't as good as it used to be. My phone is fine and nothing else operates this way, please fix the app 😢 The continued updates and new content are great to see but I need a smooth functional app.",updat go use year love recent got m disappoint app aw s unbeliev slow like liter have wait tab load time open ui isn t good use phone fine oper way fix app continu updat new content great need smooth function app,,
rev_15654a1f-3cef-4912-b0c9-02980ec639f7,2,2026-01-13T09:28:36,"Headspace is great, but the app is a PAIN. For nearly a month now, every meditation session abruptly stops with a ""you appear to be offline"" message, and it'll kick me out of the meditation. It does this multiple times a session and there is nothing wrong with my wifi/data. Nothing makes meditating more difficult than having to open your eyes to check if you're on a quiet part or your phone's back on the home screen again. I also find the AI ""helper"" in a mental-health app very distasteful.",headspac great app pain nearli month medit session abruptli stop appear offlin messag ll kick medit doe multipl time session wrong wifi data make medit difficult have open eye check quiet phone s home screen ai helper mental health app distast,,
rev_13a27745-13c7-48f1-a372-6e5ee40be8e4,1,2026-03-26T19:03:44,"Avoid this app. But if you want to get it anyway, be EXTREMELY careful as Headspace wont send subscription reminders, and if you are charged they will fight tooth and nail to keep the money no matter what. I got hit hard with a yearly subscription, that they refused to refund. Extremely scummy move considering for whom the app is catered to. Also the AI enshittification is making the app drop in quality significantly. STAY AWAY if you can, there are better alternatives out there.",avoid app want extrem care headspac wont send subscript remind charg fight tooth nail money matter got hit hard yearli subscript refus refund extrem scummi consid app cater ai enshittif make app drop qualiti significantli stay away better altern,,
rev_a91e8b66-15e2-40af-a46b-c00fcee836b2,2,2026-01-05T00:40:11,The app has become really slow and buggy ever since they added their silly AI element. It just gets worse and more cluttered and unfocused the more they try to push the AI and therapy on their users.,app realli slow buggi ad silli ai element just get wors clutter unfocus tri push ai therapi user,,
rev_f2200241-8d3f-4dda-a46b-8111e352503e,4,2026-03-03T06:30:44,"Update: It's good, but the fact that there's no voice to text is hard. I can't keep typing it in on the phone, but Ebb is good. It's the main reason I like Headspace. Just please put a button for voice to text on Ebb. Maybe an option to personalize the home tab.",updat s good fact s voic text hard t type phone ebb good s main reason like headspac just button voic text ebb mayb option person home tab,,
rev_d26b7454-8ef7-4800-a3a2-118d1d4525cb,2,2025-12-12T12:05:37,"I used to love this app for meditation. it was my go to and I used it everyday. I even used it with my students at school who enjoyed and benefited from group meditation. But sadly in recent times the app has gone severely down hill. It is all but unusable now: glitchy ui, pages don't load, things are very slow when they do load. As well it is very difficult to find anything. It's the end of an era for me, and I will be unsubscribing.",use love app medit use everyday use student school enjoy benefit group medit sadli recent time app gone sever hill unus glitchi ui page don t load thing slow load difficult s end era unsubscrib,,
rev_796ae028-f5be-4d90-abb9-7fdab4579072,1,2025-12-03T09:45:34,"Don't do it- they suck you in with a cheap offer, then get sneaky with billing and cancelations in addition to not having a transparent cancelation clause. Unless you plan to use it every day, it's not worth the hassle and headache. Not great overall, aside from the sleep stories there are much more affordable and comprehensive apps available.",don t suck cheap offer sneaki bill cancel addit have transpar cancel claus unless plan use day s worth hassl headach great overal asid sleep stori afford comprehens app avail,,
rev_d381e755-c871-4caf-aa80-a93ab5b961a8,1,2026-01-11T06:25:25,Used to love this app and its been incredibly good for my health. Sadly the recent updates have effectively rendered it unusable with constant crashing and off-line messages. Please roll back or do something headspace... you'll destroy your own business if this continues 😞,use love app incred good health sadli recent updat effect render unus constant crash line messag roll headspac ll destroy busi continu,,
rev_2180659d-c576-408f-bb1a-095de2c053b1,1,2025-11-13T17:36:44,"Can't play half the Meditations, often even the daily one. Really not cool if I carve out the time for myself and then the app doesn't work. if it was free, OK, whatever, but it's not :(",t play half medit daili realli cool carv time app doesn t work free ok s,,
rev_e5341e41-7c3d-456f-860b-62923a22e11b,2,2025-12-21T12:03:38,"this app has been incredibly glitchy for the past 6 months or so..! for an expensive paid for app, this really is unacceptable.!",app incred glitchi past month expens paid app realli unaccept,,
rev_62935628-9818-4cd4-90ba-c1a575c03143,3,2026-01-02T19:22:57,"UI bad - the app is not intuitively organized, it takes forever to load some pages, help is always days away, and it keeps kicking me off my company/health provider plan.",ui bad app intuit organ take forev load page help day away keep kick compani health provid plan,,
rev_db1bc182-fc9a-4f85-87fa-702b2282a2ec,2,2025-12-29T21:13:23,"UPDATE: whatever new changes have been made to this app they are so frustrating. The app crashes constantly and I never had a problem before! on top of that the pages take forever to load. I'm reconsidering my purchase now. this used to be my favorite app and now it's completely unreliable. I didn't have this problem before - whatever updates they made have completely changed the app, And I'm frustrated that I'm paying for an app that doesn't work.",updat new chang app frustrat app crash constantli problem page forev load m reconsid purchas use favorit app s complet unreli didn t problem updat complet chang app m frustrat m pay app doesn t work,,
rev_2c0b3cf1-178d-4640-ac92-519329543a6f,1,2026-03-16T11:05:29,"Your latest update yet again nuked my download section, it's all empty while the apps is taking up 4gb data. So those downloads are still there just not being listed. It frustrates me a lot that this happens regularly with the updates. Also why would you only let a user set very random set timers, 5 min or 500 min, How about let the user decide when the music should stop? it's freaking loop music anyways. + You can't make a playlist. Such basic futures but you didn't think about any of them.",latest updat nuke download section s app take fourgb data download just list frustrat lot happen regularli updat let user set random set timer min min let user decid music stop s freak loop music anyway t make playlist basic futur didn t think,,
rev_67639495-0ba3-4ab7-81f0-8b6c8fb3dd41,1,2026-01-14T16:20:12,Does not open. Have installed and reinstalled. Have done everything recommended. Will not renew. If you weren't frustrated before you try to open this app you will be!!!,doe open instal reinstal recommend renew weren t frustrat tri open app,,
rev_a507f555-18f3-4b59-b6ec-74dcf6671c9f,1,2025-10-12T18:35:48,Used to love the app but it keeps crashing or otherwise being extremely slow and glitchy hate the AI,use love app keep crash extrem slow glitchi hate ai,,
rev_ca9136a5-4a92-4362-8239-4f08e92a4d91,3,2025-10-13T02:06:55,"love the app but it doesn't work well on my phone. I'm in Canada. in the States it was fine but in Canada the app crashes or doesn't open. the home page almost always had a different layout, and my recent plays on the explore team never change. I wish it were more reliable. I can't even open it at night to play a sleep story.",love app doesn t work phone m canada state fine canada app crash doesn t open home page differ layout recent play explor team chang wish reliabl t open night play sleep stori,,
rev_6d1561c4-7dac-4019-9eb1-839b9ac164a6,1,2025-12-21T04:33:02,app keeps stopping while doing sleepcasts. Useless,app keep stop do sleepcast useless,,
rev_c3e611e0-2bb9-404b-87a5-d1aab857d4cf,2,2025-10-29T19:58:16,"The app won't load 80% of the time lately. this is not great as I am paying for this app, and it acutally makes me more anxious when it won't load.",app won t load eighti time late great pay app acut make anxiou won t load,,
rev_e0b408c6-d03a-49a6-bdae-4481533006f7,2,2025-12-08T16:20:20,"Glitchy and the opposite of calm when faced with the wheel of doom trying to load a sleepcast in the middle of the night... When I open the app it takes ages to load and won't move into the ""explore"" tab. I've been forced to listen to the programmes I've heard before, as they're on the home screen. Please fix as I love the content, I just need to be able to get to it!",glitchi opposit calm face wheel doom tri load sleepcast middl night open app take age load won t explor tab ve forc listen programm ve heard home screen fix love content just need abl,,
rev_6d5e89a2-e3c3-4fb8-8c7a-da19a2a84a36,1,2025-11-07T09:55:14,"i liked the app and my employer was paying for it so I didn't mind the cost, but I lost that job last year and I explicitly set it to not renew, but today I got charged nonetheless. I tried to cancel, but it says it's still active for another year. I want my money back. I don't use this app anymore.",like app employ pay didn t mind cost lost job year explicitli set renew today got charg nonetheless tri cancel say s activ year want money don t use app anymor,,
rev_891dee9e-948b-4068-ba1a-974c67b55b98,5,2026-02-09T23:19:55,They fixed the bug and it plays all the way through without crashing after a couple of minutes.,fix bug play way crash coupl minut,,
rev_d08ecab7-fa24-425b-8541-ef5c22c0297d,1,2025-10-13T21:52:38,"I'm a paying customer for quite some time now because the Headspace content itself is amazing. I use various features, and my kids love all the Sesame Street stuff. However, the app on the other hand isn't great at all. The interface has gotten increasingly user-unfriendly. Since the last update, however, my biggest issue is that the app always crashes a few seconds after trying to open it, and stops working at all. Hence the 1 star review. Please fix this bug ASAP.",m pay custom quit time headspac content amaz use variou featur kid love sesam street stuff app hand isn t great interfac gotten increasingli user unfriendli updat biggest issu app crash second tri open stop work star review fix bug asap,,
rev_4d06de46-56ec-41e9-abc3-b3d908889d42,4,2026-01-12T07:33:10,"I used to say this was 5 stars, but they redesigned their ""Today"" page and it doesn't have a nice relaxing daily flow of content any more.",use say star redesign today page doesn t nice relax daili flow content,,
rev_8687ae38-0f81-4462-bc77-b204e3a12b49,1,2026-01-29T09:49:15,"After paying for a month, cancelling, and receiving confirmation of cancellation, Headspace has taken more money from my account. When I have tried to resolve this, they claimed they couldn't help me and I needed to ask for a refund through Google Play. However, suspiciously, Headspace took the payment directly from my account that time and not through Google Play. So I am stuck with a payment having gone through but no access to service.",pay month cancel receiv confirm cancel headspac taken money account tri resolv claim couldn t help need ask refund googl play suspici headspac took payment directli account time googl play stuck payment have gone access servic,,
rev_7c964501-c8e5-4ead-8654-5fb48d43b739,2,2026-01-21T11:37:09,"Hello Devs, Would you mind checking why the app suddenly stops working in between a meditation or music session. A paid user should not have to go through this.",hello dev mind check app suddenli stop work medit music session paid user,,
rev_804d7679-10b7-424d-b6e2-bfe7657ae726,1,2026-02-01T17:45:56,They use dark patterns in their email preference settings to sell user data by using unclear language to make you click yes. Never trust companies that rely on dark patterns. Aside from that the app crashes literally non stop,use dark pattern email prefer set sell user data use unclear languag make click ye trust compani reli dark pattern asid app crash liter non stop,,
rev_b6045661-f967-40c9-8047-dae969b19f7d,1,2025-10-28T23:51:49,It won't play any audio post the update.,won t play audio post updat,,
rev_29ef917b-e011-4ad2-a21c-d975518c7bc6,2,2025-10-22T05:48:04,"Installed, saw paywall for EVERYTHING, then uninstalled. Guess I'll go for the competitor app Calm instead. Who can be bothered with a 14-day trial?? Money grabbers.",instal saw paywal uninstal guess ll competitor app calm instead bother fourteen day trial money grabber,,
rev_ef889fb0-0007-45e3-9a79-1a2b0573bd05,3,2025-12-04T18:31:15,had to edit my review due to the latest updates making it frequently crash (mid meditation even) and become incredibly slow. Hope this is fixed ASAP simply the best part of my morning routine to set up for a great and mindful day.,edit review latest updat make frequent crash mid medit incred slow hope fix asap simpli best morn routin set great mind day,,
rev_2039f0f9-39d3-4fb4-b6a9-79dca8012149,1,2026-02-19T02:26:56,"used to love this app, but lately, the sleep casts and meditations will shut off after a few minutes with no reason. Defeats the purpose!!",use love app late sleep cast medit shut minut reason defeat purpos,,
rev_36f8b08b-c206-4aa9-b2f1-a02dbcfb0795,1,2025-10-12T22:01:28,"so apparently an update happened overnight and now the app is not working 😕 I have uninstalled it, cleared everything, restarted my phone and nothing worked 🤬 in have never had issues in the past and use the app every day. this is not good!!",appar updat happen overnight app work uninstal clear restart phone work issu past use app day good,,
rev_7ad8dada-a089-4d54-82d8-15b7fc91d9b7,1,2025-10-15T20:02:00,I used to love this app. now it's flakey and full of bugs. gamification is broken as it resets my run streak even when using every day. I tried using the chat support and got a nonsensical AI response. seriously guys...,use love app s flakey bug gamif broken reset run streak use day tri use chat support got nonsens ai respons serious guy,,
rev_fa6bcf5a-7df1-448a-8a4c-0af52b85163f,2,2025-11-02T15:47:21,Headspace is ok. I'm not sure it works much for me. I will say I am strongly against the gamification of everything. An app about meditation should not be keeping a Streak count which just adds to life stress for some who worry about losing their streak.,headspac ok m sure work say strongli gamif app medit keep streak count just add life stress worri lose streak,,
rev_6e51c9a5-642a-49eb-b9af-c92bc21d24f7,4,2025-10-26T09:48:12,"would be 5 stars if not for how slow to load it is. even changing from one tab to another in app regularly leads to a loading page of doom with no solution. really frustrating. not enough for me to not recommend the app for others. I'd love to be able to queue stuff at night, I listen to a wind down exercise, and then have to open my phone again (and wait for it to load) to play a sleepcast, so to be able to just automatically play that next would be great :)",star slow load chang tab app regularli lead load page doom solut realli frustrat recommend app d love abl queue stuff night listen wind exercis open phone wait load play sleepcast abl just automat play great,,
rev_bc98b0f8-651d-4607-a026-737d3696c5fe,2,2025-11-01T03:06:16,"I'm having the same issue as a lot of people after the update where the app takes long to load and when it eventually does, the morning session (and I suspect the afternoon and night ones too) just stays blank. The audio plays but there is no graphic in the background, just a black screen. And then when, for example the breathing session finishes, it just hangs there and it doesn't go back to the home screen. Please fix it straight away because I actually just paid for a 1-year subscription.",m have issu lot peopl updat app take long load eventu doe morn session suspect afternoon night one just stay blank audio play graphic background just black screen exampl breath session finish just hang doesn t home screen fix straight away actual just paid year subscript,,
rev_8896d1be-9caf-4c06-b7e7-c1a2d407d4b2,1,2025-11-02T20:19:28,"This used to be my favourite meditation app, however they randomly changed the subscription price half way this year and the amount I've paid for at the start of the year is not being taken into consideration for my previous subscription. Basically I've paid for a subscription at the start of the year but they are asking me to pay again for an annual subscription. edit: it also crashes a lot now especially when you're part way through a mediation.... edit 2: the app has cancelled my sub again",use favourit medit app randomli chang subscript price half way year ve paid start year taken consider previou subscript basic ve paid subscript start year ask pay annual subscript edit crash lot especi way mediat edit app cancel sub,,
rev_228d64c6-2408-4731-a1fc-3f91e947f68d,2,2026-01-19T19:01:58,"always crashing, often fails to load and is always stopping midway through meditations. Paid user here and not a happy (or relaxed) person",crash fail load stop midway medit paid user happi relax person,,
rev_6505a842-62be-44b3-9a89-b89c2ba3116c,1,2026-03-04T16:05:33,"Every video Ive listened to sounded like they were explain things to a child- with basic explanations and in the way they spoke- so they werent very good. There were some videos that sounded helpful to listen to, but they must not be available anymore? It said I had to download the app to get access to them, but then they werent in the app either. I feel like everything this app provides is basic info that can be found on the internet for free. Its just not for me.",video ive listen sound like explain thing child basic explan way spoke werent good video sound help listen avail anymor said download app access werent app feel like app provid basic info internet free just,,
rev_da842981-43e4-4e4b-894d-5737d0659951,1,2026-01-26T10:51:44,"No longer syncs with Google Fit, this is a known and reported issue that has not been resolved for months now",longer sync googl fit known report issu resolv month,,
rev_333e8005-8003-4133-9fec-841b97a80633,1,2025-10-13T22:42:06,stopped working with last update. Was amazing but now I'm cancelling the subscription because it WILL NOT WORK,stop work updat amaz m cancel subscript work,,
rev_f11c116e-3d15-422d-a3f8-61dfe20d50db,1,2026-01-22T02:04:34,A £50 meditation app that takes a minute to load a simple UI and crashes halfway through a meditation. Shockingly poor quality.,medit app take minut load simpl ui crash halfway medit shockingli poor qualiti,,
rev_e56e2d8d-fc17-4048-aaae-ed0c44ce37ea,1,2025-10-11T23:57:18,"I used to LOVE this app, and use it daily. Now it won't open without force closing half a dozen times first. Either they fix it expeditiously or I walk, taking my subscription with me 🤷🏽‍♀️",use love app use daili won t open forc close half dozen time fix expediti walk take subscript,,
rev_f4ec9aef-f899-42cf-a2e5-dd48cb4341c0,1,2025-10-26T05:25:07,can you please make it free in the inside of the app please?,make free insid app,,
rev_1d191455-b8ac-4a21-b7cf-860c7cfbdfa6,1,2025-12-16T20:59:54,"needs update immediately, the app keeps crashing won't load and freezes, making it unusable and adding to the problem not fixing it",need updat immedi app keep crash won t load freez make unus ad problem fix,,
rev_4cc1031e-66bb-4b04-a0f4-27fa2789bd2a,3,2025-12-16T03:33:46,"Love the sleep casts and the Ebb chat. However it repeatedly stops playing the sleepcasts saying ""oh dear, something's wrong. Random nights. My wifi connection is fine. I close the app and reopen with the same issue a few times and give up. Then next night, no problem, then two nights later happens again. So insanely frustrating.",love sleep cast ebb chat repeatedli stop play sleepcast say oh dear s wrong random night wifi connect fine close app reopen issu time night problem night later happen insan frustrat,,
rev_e7c74799-9c95-443d-884c-e00ef91de6da,1,2026-01-16T09:31:26,"Slow, laggy, glitches. Always says I'm offline, null errors and takes forever to load. I want my money back",slow laggi glitch say m offlin null error take forev load want money,,
rev_0f2f0d24-68e6-4ccd-82df-b6a0758287e0,1,2025-11-22T21:39:06,Tried to enable the 14 day free trial but it took annual payment instead of enabling free trial with credit card details. Misleading and dark pattern practices.,tri enabl fourteen day free trial took annual payment instead enabl free trial credit card detail mislead dark pattern practic,,
rev_8a28dd95-2378-4182-90df-de7951f8e489,1,2025-10-30T23:37:50,extremely extremely slow app,extrem extrem slow app,,
rev_f063d4fb-c1ad-4e2a-bb6e-82c0aa647c5e,1,2026-01-30T01:56:13,"over half my yearly subscription was waisted as the app didn't work properly, even after I tried everything support suggested. they refuse to refund.",half yearli subscript waist app didn t work properli tri support suggest refus refund,,
rev_17f36e13-1c4c-4886-a7ec-9a350708ebbb,1,2026-01-09T17:12:49,"used to love it, but the app is so buggy. Very slow to open, things I'm listening to just stop with a ""something went wrong"" error. I have a premium account but not keen to renew unless things improve. shame.",use love app buggi slow open thing m listen just stop went wrong error premium account keen renew unless thing improv shame,,
rev_20c47d26-df79-4f31-ae55-c8eee4f6ddff,3,2026-01-15T03:09:58,"what happened to ebb? I have headspace through Starbucks, did the subscription options change? I loved chatting with ebb and now the icon is missing from my home screen. can anyone clarify this for me?",happen ebb headspac starbuck did subscript option chang love chat ebb icon miss home screen clarifi,,
rev_6e95357e-6283-47f3-bcaa-e05b230c8315,1,2025-10-15T03:11:52,keeps crashing about 4 min into a meditation. exactly the last thing you need!,keep crash min medit exactli thing need,,
rev_0098c43f-7917-423b-986d-1d9836e66aa6,1,2026-01-11T16:29:45,it keeps losing audio stream. you can't trust it and the inconsistency in the software undermines the whole experience. waste of time and not meditative.,keep lose audio stream t trust inconsist softwar undermin experi wast time medit,,
rev_56a355dd-746a-4794-abc7-4ddfb580911d,1,2026-02-06T16:41:08,"sync to Google FIT broken for months, lame response and no urgency to fix (so cannot get points credited for Vitality health app - useless) plus increasingly cluttered design UNBELIEVABLE STILL NOT FIXED. MANY MONTHS LATER - SIMPLY DO NOT CARE. THEY ARE SCREWING OVER VITALITY AND THEIR CUSTOMERS. TERRIBLE SERVICE RESPONSES - PLATITUDES -- still broken Feb2026",sync googl fit broken month lame respons urgenc fix point credit vital health app useless plu increasingli clutter design unbeliev fix month later simpli care screw vital custom terribl servic respons platitud broken febtwo thousand,,
rev_bad7033c-20e5-4ce4-9a55-501c8bd19b2b,1,2025-12-08T17:01:36,"So disappointed you guys chose to take the AI route with Ebb... I'm leaving! Not only is AI a massive environmental issue, it has caused mental distress and deaths among children and fragile people. This is incredibly insensitive coming from an app like this.",disappoint guy chose ai rout ebb m leav ai massiv environment issu caus mental distress death children fragil peopl incred insensit come app like,,
rev_f33a83a1-cfc8-4dab-bb31-801fbe0abad2,3,2025-10-14T05:54:33,"The content is great but the latest update has made the app unusable on my phone - insanely slow. I've had to give up. Also, in general, the browsing function in the app is frustrating and it's very hard to find what you want. There's an awful lot of content and not much categorisation. Irritating when you're short on time.",content great latest updat app unus phone insan slow ve gener brows function app frustrat s hard want s aw lot content categoris irrit short time,,
rev_20d1cd8b-9092-425b-8b29-51348b0b9bc1,1,2025-10-15T19:08:28,App keeps crashing. I had to uninstall the App.,app keep crash uninstal app,,
rev_84702297-16c2-474a-aeb7-685e07f6f2fa,1,2025-10-24T12:01:34,The app used to work great. After the update it has been getting stuck or lagging a lot. this doesnt help when you are trying to have a session. please fix,app use work great updat get stuck lag lot doesnt help tri session fix,,
rev_889a8581-6071-4048-a310-c26afb49795d,5,2026-04-05T12:26:09,"Headspace was one of my all time favorite apps. I still use it at least once a day, however since the addition of Ebb the AI Headspace has added, the app functionality has gotten worse. It takes forever to open and often crashes despite downloading all the updates. Additionally, you used to be able to download much more content to use offline that I really enjoyed when I travel. I had high hopes that a mediation app like Headspace would be safe from Enshitification, I'm not so sure anymore.",headspac time favorit app use day addit ebb ai headspac ad app function gotten wors take forev open crash despit download updat addit use abl download content use offlin realli enjoy travel high hope mediat app like headspac safe enshitif m sure anymor,,
rev_dc718a48-e145-41c9-94ca-4a1f4699ac04,1,2025-10-16T09:45:54,"very slow, occasionally it works fine. great content but unfortunately it doesn't even work sometimes.",slow occasion work fine great content unfortun doesn t work,,
rev_921b31e1-662d-4b47-898c-d8bd09c05d69,2,2026-01-12T06:09:08,"I have had this app for many years and it has been extremely glitchy lately. Just like other reviews state, I often get a message that I am offline, that something went wrong. Content takes a while to load. interface changed at some point and is less intuitive now. there were used to be ""the wake up"" videos which had amazing footage of nature and great scripts accompanying it, but those no longer exist.",app year extrem glitchi late just like review state messag offlin went wrong content take load interfac chang point intuit use wake video amaz footag natur great script accompani longer exist,,
rev_2e918d49-14cb-419c-b52a-d6ed9fe1dd3a,1,2025-12-08T07:59:05,Horrible interface.. stood out immediately. Shockingly bad.,horribl interfac stood immedi shockingli bad,,
rev_7a067af7-eae9-4ebb-a77a-06d6a82db27d,1,2026-01-19T07:27:43,This app keeps trying to take $75 58 out of my account Repeatedly And I Cancelled the subscription Before the free trial period was over! be aware that they will try to Steal 75 bucks less than 2 weeks after u install this app and the trial period is supposed to be 14 days!!!! apps like this cause poor folks much more stress than they relieve lol Seriously though!!!!,app keep tri seventi account repeatedli cancel subscript free trial period awar tri steal seventi buck week u instal app trial period suppos fourteen day app like caus poor folk stress reliev lol serious,,
rev_871a09b6-d1d9-4064-a904-e06d8f19b625,2,2025-10-15T06:02:12,It's been really glitchy since the new updates. It's sad that it's not as reliable anymore.,s realli glitchi new updat s sad s reliabl anymor,,
rev_7371bf30-0acd-4ef6-b4c1-9b4a1023f1f5,1,2025-12-14T12:37:32,"App does not work well on android. Keeps giving error messages that it is offline. During a meditation, the app hangs and the meditation stops. I would expect more from an app I am paying for.",app doe work android keep give error messag offlin medit app hang medit stop expect app pay,,
rev_afd2bc8c-e3be-4d42-be0a-35dc28e0e192,1,2026-01-20T06:04:55,forces you to create an account before you can view the subscription plans.,forc creat account view subscript plan,,
rev_ca03363d-311e-4117-a50a-2d08e3315463,3,2025-10-13T02:17:50,Keeps crashing. I paid for premium.,keep crash paid premium,,
rev_14673050-e90d-4483-9df0-5954c3beafb0,1,2026-01-02T17:23:45,"i have deleted the app as it has so many bugs, repeatedly cutting off meditations while i'm doing them. i have done what they suggest, deleted the app, switched phone on and off, reinstalled multiple times but it still does the same thing. such a shame because the content is excellent. i now use the web page on my phone to get to the meditations. not perfect either but at least the meditations don't crash.",delet app bug repeatedli cut medit m do suggest delet app switch phone reinstal multipl time doe thing shame content excel use web page phone medit perfect medit don t crash,,
rev_dbd078c2-f232-4462-b09b-166d95684a0a,1,2025-10-22T08:18:57,"App continues to get worse. Glitchy interface, and insanely long load times. Wheel is constantly spinning and often have to close out the app to force restart. Seems like it has gotten worse with the new UI refresh, which is still confusing and hard to navigate. The content is great, but the app not so much.",app continu wors glitchi interfac insan long load time wheel constantli spin close app forc restart like gotten wors new ui refresh confus hard navig content great app,,
rev_32d13490-5f89-4c6a-bb34-ceaea952b184,1,2026-01-21T17:29:18,"For a few months now the app will crash about 75 seconds after playing, claiming I'm offline. I have to close the app, turn off the WiFi and mobile data, turn it all back on again and then it will work. Not a very relaxing experience.",month app crash seventi second play claim m offlin close app turn wifi mobil data turn work relax experi,,
rev_f2c2c497-b4bd-4eb5-aa6a-17f965497f85,1,2026-03-07T15:47:37,"the screen on which i signed up on said ""the first 14 days are free"". I canceled 5 days later since the tracks keep stopping a few minutes in (""oh dear, something is wrong""). But somehow my membership is still active until next year (though canceled) and I was charged full price. I provided a screenshot to customer service but they said i didn't get the trial. No explanation, but at least they ""sincerely apologize for the disappointment "". extremely false advertising!",screen sign said fourteen day free cancel day later track stop minut oh dear wrong membership activ year cancel charg price provid screenshot custom servic said didn t trial explan sincer apolog disappoint extrem fals advertis,,
rev_ac80aa12-6284-40e3-9272-5c1361c90522,3,2025-10-14T18:23:35,"The app has always been relatively slow to load but recently it gets stuck on the loading screen or, once in the app, stuck with no content as if I don't have connection (I do). Also when actually offline it takes a good while to access downloaded content. Really harms the experience",app rel slow load recent get stuck load screen app stuck content don t connect actual offlin take good access download content realli harm experi,,
rev_ee8d5b2e-4b9b-425c-aa6d-621f15132662,1,2025-12-17T05:40:44,"When it works it's great. Continually have to reinstall it because it just randomly crashes with an ""oh dear, something went wrong"" message. App had been screwing up for months yet Hs never updates it.",work s great continu reinstal just randomli crash oh dear went wrong messag app screw month hs updat,,
rev_392a6321-a9b4-464f-9896-8cc7d09ed5d2,5,2025-11-15T01:41:44,"is there glich in the app, I reinstalled but app home page is not working",glich app reinstal app home page work,,
rev_7230c0a5-268d-466a-9542-6e3ec886112b,1,2026-01-02T06:16:00,"I'm sorry to be giving this rating as a user of over two years. The content is five stars but the glitches and bugs (I am an android user) have made the app unusable. Even before this latest downturn a couple of months ago which has made the issues worse and more frequent, I would regularly use my run streak aa the app wouldn't work for a day or two. I find a run streak really motivating and it would have been nice to see a full 365 days. Instead on days where it froze, I would find alternative",m sorri give rate user year content star glitch bug android user app unus latest downturn coupl month ago issu wors frequent regularli use run streak aa app wouldn t work day run streak realli motiv nice day instead day froze altern,,
rev_df888807-c47e-4ee8-87d2-565e01dd1d21,5,2026-02-07T22:47:36,"I have been using Headspace since 2021. It's tremendously helpful for daily meditation guidance, I enjoy the Wake Up segments and I regularly use Sleepcast stories to help me sleep.",use headspac thousand s tremend help daili medit guidanc enjoy wake segment regularli use sleepcast stori help sleep,,
rev_f4e4a1b5-133e-42d9-940e-fe28b20975d3,1,2026-03-13T08:12:14,Awful app. I did not mean to purchase a subscription and now I'm being charged for a year with no refund options. I used this app for 3 days and hated the service and will never use it again. Yet I am being required to continue paying for it. Awful customer service. Stay far away - anyone with anxiety doesn't need extra stress.,aw app did mean purchas subscript m charg year refund option use app day hate servic use requir continu pay aw custom servic stay far away anxieti doesn t need extra stress,,
rev_795b213a-6d0b-4760-a166-c0d1c0c4ba5e,1,2025-12-20T19:14:22,"Was great been using more frequently the past year, but now it says I'm offline, due to my Internet connection, only problem is that my Internet connection is fine with everything else on my other apps and using the web. This app is the only app that I'm having problems with and I paid for it.",great use frequent past year say m offlin internet connect problem internet connect fine app use web app app m have problem paid,,
rev_2bb2187d-2736-47b4-a414-7a520845cb26,1,2026-01-05T09:10:06,"The app broke and says Im offline when Im not. I opened a ticket with them and they basically said ""yea we dont know why this is happening and you're not getting a refund."" I read online that this is happening with other users as well.",app broke say im offlin im open ticket basic said yea dont know happen get refund read onlin happen user,,
rev_0ab95d16-941d-4444-a59a-3fb1d6ff8463,1,2025-12-08T12:42:27,I've liked this app for a long time but over the years it has become impossible to find anything. Now it seems like you either have to use a search bar or interact with their AI companion which is miserable. Unsubscribing and bailing. there are a bunch of cheaper apps that do what I want better.,ve like app long time year imposs like use search bar interact ai companion miser unsubscrib bail bunch cheaper app want better,,
